Vertex ID,Vertex Type
1.8,OTHERS
10.5,OTHERS
1017.0,OTHERS
105.9,OTHERS
1075.7,OTHERS
109.5,OTHERS
110.4,OTHERS
1177.3,OTHERS
12.0,OTHERS
12.2,OTHERS
120.3,OTHERS
1204.0,OTHERS
124.0,OTHERS
127.8,OTHERS
13.9,OTHERS
134.1,OTHERS
144.9,OTHERS
148.9,OTHERS
1525.9,OTHERS
155.5,OTHERS
161.7,OTHERS
171.4,OTHERS
173.1,OTHERS
173.6,OTHERS
177.5,OTHERS
18.3,OTHERS
181.9,OTHERS
186.5,OTHERS
189.0,OTHERS
192.0,OTHERS
194.7,OTHERS
2.9,OTHERS
202.5,OTHERS
204.9,OTHERS
208.5,OTHERS
211.8,OTHERS
213.8,OTHERS
220.6,OTHERS
240.9,OTHERS
252.7,OTHERS
263.0,OTHERS
268.5,OTHERS
269.4,OTHERS
273.3,OTHERS
282.7,OTHERS
30.6,OTHERS
303.1,OTHERS
32.7,OTHERS
328.2,OTHERS
330.2,OTHERS
338.9,OTHERS
339.9,OTHERS
34.1,OTHERS
342.7,OTHERS
372.0,OTHERS
382.0,OTHERS
382.1,OTHERS
395.1,OTHERS
408.4,OTHERS
410.7,OTHERS
411.0,OTHERS
418.9,OTHERS
420.4,OTHERS
43.3,OTHERS
43.8,OTHERS
437.3,OTHERS
447.2,OTHERS
457.5,OTHERS
458.1,OTHERS
49.6,OTHERS
5.9,OTHERS
51.0,OTHERS
511.0,OTHERS
52.6,OTHERS
520.5,OTHERS
527.9,OTHERS
53.0,OTHERS
53.1,OTHERS
547.1,OTHERS
55.1,OTHERS
573.1,OTHERS
60.2,OTHERS
633.1,OTHERS
635.0,OTHERS
661.3,OTHERS
68.9,OTHERS
71.0,OTHERS
75.5,OTHERS
77.2,OTHERS
78.3,OTHERS
81.7,OTHERS
81.9,OTHERS
9.8,OTHERS
91.2,OTHERS
912.1,OTHERS
92.1,OTHERS
930.9,OTHERS
94.7,OTHERS
97.3,OTHERS
99.5,OTHERS