Vertex ID,Vertex Type
10026,ZERO
10031,ZERO
10111,ZERO
10201,ZERO
10244,ZERO
10259,ZERO
10298,ZERO
10306,ZERO
10427,ZERO
10453,ZERO
10495,ZERO
10503,ZERO
10521,ZERO
10541,ZERO
10707,ZERO
10987,ZERO
11455,ZERO
11804,ZERO
11861,ZERO
12364,ZERO
12887,ZERO
12897,ZERO
13188,ZERO
13265,ZERO
13597,ZERO
13666,ZERO
13683,ZERO
13760,ZERO
13791,ZERO
13812,ZERO
13818,ZERO
13866,ZERO
13883,ZERO
13968,ZERO
14019,ZERO
14037,ZERO
14115,ZERO
14162,ZERO
14281,ZERO
14306,ZERO
14313,ZERO
14381,ZERO
14445,ZERO
14487,ZERO
14504,ZERO
14541,ZERO
14566,ZERO
14676,ZERO
14715,ZERO
14828,ZERO
14854,ZERO
14866,ZERO
14879,ZERO
14895,ZERO
14905,ZERO
14932,ZERO
15027,ZERO
15046,ZERO
15062,ZERO
15151,ZERO
15193,ZERO
15230,ZERO
15237,ZERO
15268,ZERO
15348,ZERO
15351,ZERO
15380,ZERO
15441,ZERO
15493,ZERO
15518,ZERO
15566,ZERO
15605,ZERO
15674,ZERO
15683,ZERO
15783,ZERO
15879,ZERO
15891,ZERO
15925,ZERO
15991,ZERO
16048,ZERO
16053,ZERO
16074,ZERO
16119,ZERO
16159,ZERO
16260,ZERO
16276,ZERO
8429,ZERO
8663,ZERO
8837,ZERO
9248,ZERO
9259,ZERO
9319,ZERO
9350,ZERO
9493,ZERO
9509,ZERO
9637,ZERO
9790,ZERO
9807,ZERO
9832,ZERO
9942,ZERO